"provincie_id","gemeente_id","deelgemeente_id","deelgemeente_naam"
10000,11001,"11001A","Aartselaar"
10000,11002,"11002A","Antwerpen"
10000,11002,"11002B","Lillo"
10000,11002,"11002K","Berendrecht"
10000,11002,"11002L","Zandvliet"
10000,11002,"11002P","Ekeren"
10000,11002,"11002Q","Merksem"
10000,11002,"11002R","Deurne"
10000,11002,"11002S","Borgerhout"
10000,11002,"11002T","Berchem"
10000,11002,"11002U","Wilrijk"
10000,11002,"11002V","Hoboken"
10000,11004,"11004A","Boechout"
10000,11004,"11004B","Vremde"
10000,11005,"11005A","Boom"
10000,11007,"11007A","Borsbeek"
10000,11008,"11008A","Brasschaat"
10000,11009,"11009A","Brecht"
10000,11009,"11009B","Sint-Lenaarts"
10000,11009,"11009C","Sint-Job-in-'t Goor"
10000,11013,"11013A","Edegem"
10000,11016,"11016A","Essen"
10000,11018,"11018A","Hemiksem"
10000,11021,"11021A","Hove"
10000,11022,"11022A","Kalmthout"
10000,11023,"11023A","Kapellen"
10000,11024,"11024A","Kontich"
10000,11024,"11024B","Waarloos"
10000,11025,"11025A","Lint"
10000,11029,"11029A","Mortsel"
10000,11030,"11030A","Niel"
10000,11035,"11035A","Ranst"
10000,11035,"11035B","Oelegem"
10000,11035,"11035C","Broechem"
10000,11035,"11035D","Emblem"
10000,11037,"11037A","Rumst"
10000,11037,"11037B","Terhagen"
10000,11037,"11037C","Reet"
10000,11038,"11038A","Schelle"
10000,11039,"11039A","Schilde"
10000,11039,"11039B","'s Gravenwezel"
10000,11040,"11040A","Schoten"
10000,11044,"11044A","Stabroek"
10000,11044,"11044B","Hoevenen"
10000,11050,"11050A","Wijnegem"
10000,11052,"11052A","Wommelgem"
10000,11053,"11053A","Wuustwezel"
10000,11053,"11053B","Loenhout"
10000,11054,"11054A","Zandhoven"
10000,11054,"11054B","Pulderbos"
10000,11054,"11054C","Pulle"
10000,11054,"11054D","Viersel"
10000,11054,"11054E","Massenhoven"
10000,11055,"11055A","Zoersel"
10000,11055,"11055B","Halle"
10000,11056,"11056A","Zwijndrecht"
10000,11056,"11056B","Burcht"
10000,11057,"11057A","Westmalle"
10000,11057,"11057B","Oostmalle"
10000,12002,"12002A","Berlaar"
10000,12005,"12005A","Bonheiden"
10000,12005,"12005B","Rijmenam"
10000,12007,"12007A","Bornem"
10000,12007,"12007B","Hingene"
10000,12007,"12007C","Mariekerke"
10000,12007,"12007D","Weert"
10000,12009,"12009A","Duffel"
10000,12014,"12014A","Heist-op-den-Berg"
10000,12014,"12014B","Hallaar"
10000,12014,"12014C","Itegem"
10000,12014,"12014D","Wiekevorst"
10000,12014,"12014E","Booischot"
10000,12014,"12014F","Schriek"
10000,12021,"12021A","Lier"
10000,12021,"12021B","Koningshooikt"
10000,12025,"12025A","Mechelen"
10000,12025,"12025B","Hombeek"
10000,12025,"12025C","Leest"
10000,12025,"12025D","Heffen"
10000,12025,"12025E","Walem"
10000,12025,"12025F","Muizen"
10000,12026,"12026A","Nijlen"
10000,12026,"12026B","Bevel"
10000,12026,"12026C","Kessel"
10000,12029,"12029A","Putte"
10000,12029,"12029B","Beerzel"
10000,12041,"12041A","Puurs"
10000,12041,"12041B","Ruisbroek"
10000,12041,"12041C","Breendonk"
10000,12041,"12041D","Liezele"
10000,12041,"12041E","Sint-Amands"
10000,12041,"12041F","Oppuurs"
10000,12041,"12041G","Lippelo"
10000,12035,"12035A","Sint-Katelijne-Waver"
10000,12035,"12035B","Onze-Lieve-Vrouw-Waver"
10000,12040,"12040A","Willebroek"
10000,12040,"12040B","Heindonk"
10000,12040,"12040C","Blaasveld"
10000,12040,"12040D","Tisselt"
10000,13001,"13001A","Arendonk"
10000,13002,"13002A","Baarle-Hertog"
10000,13003,"13003A","Balen"
10000,13003,"13003B","Olmen"
10000,13004,"13004A","Beerse"
10000,13004,"13004B","Vlimmeren"
10000,13006,"13006A","Dessel"
10000,13008,"13008A","Geel"
10000,13010,"13010A","Grobbendonk"
10000,13010,"13010B","Bouwel"
10000,13011,"13011A","Herentals"
10000,13011,"13011B","Noorderwijk"
10000,13011,"13011C","Morkhoven"
10000,13012,"13012A","Herenthout"
10000,13013,"13013A","Herselt"
10000,13013,"13013B","Ramsel"
10000,13014,"13014A","Hoogstraten"
10000,13014,"13014B","Minderhout"
10000,13014,"13014C","Meer"
10000,13014,"13014D","Meerle"
10000,13014,"13014E","Wortel"
10000,13016,"13016A","Hulshout"
10000,13016,"13016B","Westmeerbeek"
10000,13016,"13016C","Houtvenne"
10000,13017,"13017A","Kasterlee"
10000,13017,"13017B","Lichtaart"
10000,13017,"13017C","Tielen"
10000,13019,"13019A","Lille"
10000,13019,"13019B","Wechelderzande"
10000,13019,"13019C","Gierle"
10000,13019,"13019D","Poederlee"
10000,13021,"13021A","Meerhout"
10000,13023,"13023A","Merksplas"
10000,13025,"13025A","Mol"
10000,13029,"13029A","Olen"
10000,13031,"13031A","Oud-Turnhout"
10000,13035,"13035A","Ravels"
10000,13035,"13035B","Weelde"
10000,13035,"13035C","Poppel"
10000,13036,"13036A","Retie"
10000,13037,"13037A","Rijkevorsel"
10000,13040,"13040A","Turnhout"
10000,13044,"13044A","Vorselaar"
10000,13046,"13046A","Vosselaar"
10000,13049,"13049A","Westerlo"
10000,13049,"13049B","Tongerlo"
10000,13049,"13049C","Zoerle-Parwijs"
10000,13049,"13049D","Oevel"
10000,13053,"13053A","Veerle"
10000,13053,"13053B","Varendonk"
10000,13053,"13053C","Eindhout"
10000,13053,"13053D","Vorst"
20001,23002,"23002A","Asse"
20001,23002,"23002B","Mollem"
20001,23002,"23002C","Kobbegem"
20001,23002,"23002D","Relegem"
20001,23002,"23002E","Zellik"
20001,23002,"23002F","Bekkerzeel"
20001,23003,"23003A","Beersel"
20001,23003,"23003B","Alsemberg"
20001,23003,"23003C","Dworp"
20001,23003,"23003D","Huizingen"
20001,23003,"23003E","Lot"
20001,23009,"23009A","Bever"
20001,23016,"23016A","Dilbeek"
20001,23016,"23016B","Sint-Ulriks-Kapelle"
20001,23016,"23016C","Groot-Bijgaarden"
20001,23016,"23016D","Itterbeek"
20001,23016,"23016E","Schepdaal"
20001,23016,"23016F","Sint-Martens-Bodegem"
20001,23023,"23023A","Galmaarden"
20001,23023,"23023B","Vollezele"
20001,23023,"23023C","Tollembeek"
20001,23024,"23024A","Gooik"
20001,23024,"23024B","Leerbeek"
20001,23024,"23024C","Oetingen"
20001,23024,"23024D","Kester"
20001,23025,"23025A","Grimbergen"
20001,23025,"23025B","Strombeek - Bever"
20001,23025,"23025C","Beigem"
20001,23025,"23025D","Humbeek"
20001,23027,"23027A","Halle"
20001,23027,"23027B","Buizingen"
20001,23027,"23027C","Lembeek"
20001,23032,"23032A","Herne"
20001,23032,"23032B","Herfelingen"
20001,23032,"23032C","Sint-Pieters-Kapelle"
20001,23033,"23033A","Hoeilaart"
20001,23038,"23038A","Kampenhout"
20001,23038,"23038B","Buken"
20001,23038,"23038C","Nederokkerzeel"
20001,23038,"23038D","Berg"
20001,23039,"23039A","Kapelle-op-den-Bos"
20001,23039,"23039B","Nieuwenrode"
20001,23039,"23039C","Ramsdonk"
20001,23044,"23044A","Liedekerke"
20001,23045,"23045A","Londerzeel"
20001,23045,"23045B","Malderen"
20001,23045,"23045C","Steenhuffel"
20001,23047,"23047A","Machelen"
20001,23047,"23047B","Diegem"
20001,23050,"23050A","Meise"
20001,23050,"23050B","Wolvertem"
20001,23052,"23052A","Merchtem"
20001,23052,"23052B","Brussegem"
20001,23052,"23052C","Hamme"
20001,23060,"23060A","Opwijk"
20001,23060,"23060B","Mazenzele"
20001,23062,"23062A","Overijse"
20001,23064,"23064A","Pepingen"
20001,23064,"23064B","Elingen"
20001,23064,"23064C","Beert"
20001,23064,"23064D","Bellingen"
20001,23064,"23064E","Bogaarden"
20001,23064,"23064F","Heikruis"
20001,23077,"23077A","Sint-Pieters-Leeuw"
20001,23077,"23077B","Oudenaken"
20001,23077,"23077C","Sint-Laureins-Berchem"
20001,23077,"23077D","Vlezenbeek"
20001,23077,"23077E","Ruisbroek"
20001,23081,"23081A","Steenokkerzeel"
20001,23081,"23081B","Melsbroek"
20001,23081,"23081C","Perk"
20001,23086,"23086A","Ternat"
20001,23086,"23086B","Wambeek"
20001,23086,"23086C","Sint-Katherina-Lombeek"
20001,23088,"23088A","Vilvoorde"
20001,23088,"23088B","Peutie"
20001,23094,"23094A","Zaventem"
20001,23094,"23094B","Nossegem"
20001,23094,"23094C","Sterrebeek"
20001,23094,"23094D","Sint-Stevens-Woluwe"
20001,23096,"23096A","Zemst"
20001,23096,"23096B","Hofstade"
20001,23096,"23096C","Weerde"
20001,23096,"23096D","Elewijt"
20001,23096,"23096E","Eppegem"
20001,23097,"23097B","Borchtlombeek"
20001,23097,"23097C","Onze-Lieve-Vrouw-Lombeek"
20001,23097,"23097D","Pamel"
20001,23097,"23097E","Strijtem"
20001,23098,"23098A","Drogenbos"
20001,23099,"23099A","Kraainem"
20001,23100,"23100A","Linkebeek"
20001,23101,"23101A","Sint-Genesius-Rode"
20001,23102,"23102A","Wemmel"
20001,23103,"23103A","Wezembeek-Oppem"
20001,23104,"23104A","Sint-Kwintens-Lennik"
20001,23104,"23104B","Sint-Martens-Lennik"
20001,23104,"23104C","Gaasbeek"
20001,23105,"23105A","Hekelgem"
20001,23105,"23105B","Essene"
20001,23105,"23105C","Teralfene"
20001,24001,"24001A","Aarschot"
20001,24001,"24001B","Langdorp"
20001,24001,"24001C","Rillaar"
20001,24001,"24001D","Gelrode"
20001,24007,"24007A","Begijnendijk"
20001,24007,"24007B","Betekom"
20001,24008,"24008A","Bekkevoort"
20001,24008,"24008B","Assent"
20001,24008,"24008C","Molenbeek - Wersbeek"
20001,24009,"24009A","Bertem"
20001,24009,"24009B","Korbeek-dijle"
20001,24009,"24009C","Leefdaal"
20001,24011,"24011A","Bierbeek"
20001,24011,"24011B","Korbeek-Lo"
20001,24011,"24011C","Lovenjoel"
20001,24011,"24011D","Opvelp"
20001,24014,"24014A","Boortmeerbeek"
20001,24014,"24014B","Hever"
20001,24016,"24016A","Boutersem"
20001,24016,"24016B","Kerkom"
20001,24016,"24016C","Roosbeek"
20001,24016,"24016D","Neervelp"
20001,24016,"24016E","Vertrijk"
20001,24016,"24016G","Willebringen"
20001,24020,"24020A","Diest"
20001,24020,"24020B","Webbekom"
20001,24020,"24020C","Kaggevinne"
20001,24020,"24020D","Molenstede"
20001,24020,"24020E","Schaffen"
20001,24020,"24020F","Deurne"
20001,24028,"24028A","Geetbets"
20001,24028,"24028B","Rummen"
20001,24028,"24028C","Grazen"
20001,24033,"24033A","Haacht"
20001,24033,"24033B","Tildonk"
20001,24033,"24033C","Wespelaar"
20001,24038,"24038A","Herent"
20001,24038,"24038B","Winksele"
20001,24038,"24038C","Veltem-Beisem"
20001,24041,"24041A","Hoegaarden"
20001,24041,"24041B","Meldert"
20001,24041,"24041C","Outgaarden"
20001,24043,"24043A","Holsbeek"
20001,24043,"24043B","Kortrijk-Dutsel"
20001,24043,"24043C","Nieuwrode"
20001,24043,"24043D","Sint-Pieters-Rode"
20001,24045,"24045A","Huldenberg"
20001,24045,"24045B","Loonbeek"
20001,24045,"24045C","Neerijse"
20001,24045,"24045D","Sint-Agatha-Rode"
20001,24045,"24045E","Ottenburg"
20001,24048,"24048A","Keerbergen"
20001,24054,"24054A","Kortenaken"
20001,24054,"24054B","Ransberg"
20001,24054,"24054C","Hoeleden"
20001,24054,"24054D","Kersbeek-Miskom"
20001,24054,"24054E","Waanrode"
20001,24055,"24055A","Kortenberg"
20001,24055,"24055B","Erps-Kwerps"
20001,24055,"24055C","Meerbeek"
20001,24055,"24055D","Everberg"
20001,24059,"24059A","Landen"
20001,24059,"24059B","Rumsdorp"
20001,24059,"24059C","Walshoutem"
20001,24059,"24059D","Neerwinden"
20001,24059,"24059E","Wange"
20001,24059,"24059F","Eliksem"
20001,24059,"24059G","Ezemaal"
20001,24059,"24059H","Laar"
20001,24059,"24059J","Overwinden"
20001,24059,"24059K","Attenhoven"
20001,24059,"24059L","Neerlanden"
20001,24059,"24059M","Walsbets"
20001,24059,"24059N","Wezeren"
20001,24059,"24059P","Waasmont"
20001,24062,"24062A","Leuven"
20001,24062,"24062B","Wilsele"
20001,24062,"24062C","Kessel-Lo"
20001,24062,"24062D","Heverlee"
20001,24066,"24066A","Lubbeek"
20001,24066,"24066B","Binkom"
20001,24066,"24066C","Pellenberg"
20001,24066,"24066D","Linden"
20001,24086,"24086A","Oud-Heverlee"
20001,24086,"24086B","Vaalbeek"
20001,24086,"24086C","Blanden"
20001,24086,"24086D","Haasrode"
20001,24086,"24086E","Sint-Joris-Weert"
20001,24094,"24094A","Rotselaar"
20001,24094,"24094B","Werchter"
20001,24094,"24094C","Wezemaal"
20001,24104,"24104A","Tervuren"
20001,24104,"24104B","Vossem"
20001,24104,"24104C","Duisburg"
20001,24107,"24107A","Tienen"
20001,24107,"24107B","Oorbeek"
20001,24107,"24107C","Bost"
20001,24107,"24107D","Kumtich"
20001,24107,"24107E","Vissenaken"
20001,24107,"24107F","Sint-Margriete-Houtem"
20001,24107,"24107G","Oplinter"
20001,24107,"24107H","Hakendover"
20001,24107,"24107J","Goetsenhoven"
20001,24109,"24109A","Tremelo"
20001,24109,"24109B","Baal"
20001,24130,"24130A","Zoutleeuw"
20001,24130,"24130B","Helen-Bos"
20001,24130,"24130C","Halle-Booienhoven"
20001,24130,"24130D","Dormaal"
20001,24130,"24130E","Budingen"
20001,24133,"24133A","Drieslinter"
20001,24133,"24133B","Neerlinter"
20001,24133,"24133C","Orsmaal-Gussenhoven"
20001,24133,"24133D","Melkwezer"
20001,24133,"24133E","Neerhespen"
20001,24133,"24133F","Overhespen"
20001,24133,"24133G","Wommersom"
20001,24134,"24134A","Scherpenheuvel"
20001,24134,"24134B","Zichem"
20001,24134,"24134C","Messelbroek"
20001,24134,"24134D","Testelt"
20001,24134,"24134E","Averbode"
20001,24135,"24135A","Tielt"
20001,24135,"24135B","Meensel-Kiezegem"
20001,24135,"24135C","Sint-Joris-Winge"
20001,24135,"24135D","Houwaart"
20001,24137,"24137A","Glabbeek-Zuurbemde"
20001,24137,"24137B","Attenrode"
20001,24137,"24137C","Bunsbeek"
20001,24137,"24137D","Kapellen"
30000,31003,"31003A","Beernem"
30000,31003,"31003B","Oedelem"
30000,31003,"31003C","Sint-Joris"
30000,31004,"31004A","Blankenberge"
30000,31004,"31004B","Uitkerke"
30000,31005,"31005A","Brugge"
30000,31005,"31005B","Zeebrugge"
30000,31005,"31005C","Dudzele"
30000,31005,"31005D","Koolkerke"
30000,31005,"31005E","Sint-Kruis"
30000,31005,"31005F","Assebroek"
30000,31005,"31005G","Sint-Michiels"
30000,31005,"31005H","Sint-Andries"
30000,31005,"31005I","Lissewege"
30000,31006,"31006A","Damme"
30000,31006,"31006B","Hoeke"
30000,31006,"31006C","Oostkerke"
30000,31006,"31006D","Lapscheure"
30000,31006,"31006E","Moerkerke"
30000,31006,"31006F","Sijsele"
30000,31012,"31012A","Jabbeke"
30000,31012,"31012B","Zerkegem"
30000,31012,"31012C","Stalhille"
30000,31012,"31012D","Varsenare"
30000,31012,"31012E","Snellegem"
30000,31022,"31022A","Oostkamp"
30000,31022,"31022B","Hertsberge"
30000,31022,"31022C","Ruddervoorde"
30000,31022,"31022D","Waardamme"
30000,31033,"31033A","Torhout"
30000,31040,"31040A","Zedelgem"
30000,31040,"31040B","Loppem"
30000,31040,"31040C","Veldegem"
30000,31040,"31040D","Aartrijke"
30000,31042,"31042A","Zuienkerke"
30000,31042,"31042B","Meetkerke"
30000,31042,"31042C","Houtave"
30000,31042,"31042D","Nieuwmunster"
30000,31043,"31043A","Knokke"
30000,31043,"31043B","Heist"
30000,31043,"31043C","Ramskapelle"
30000,31043,"31043D","Westkapelle"
30000,32003,"32003A","Diksmuide"
30000,32003,"32003B","Beerst"
30000,32003,"32003C","Keiem"
30000,32003,"32003D","Leke"
30000,32003,"32003E","Vladslo"
30000,32003,"32003F","Woumen"
30000,32003,"32003G","Nieuwkapelle"
30000,32003,"32003H","Oudekapelle"
30000,32003,"32003J","Sint-Jacobs-Kapelle"
30000,32003,"32003K","Oostkerke"
30000,32003,"32003L","Lampernisse"
30000,32003,"32003M","Pervijze"
30000,32003,"32003N","Stuivekenskerke"
30000,32003,"32003O","Esen"
30000,32003,"32003P","Kaaskerke"
30000,32006,"32006A","Houthulst"
30000,32006,"32006B","Merkem"
30000,32006,"32006D","Klerken"
30000,32010,"32010A","Koekelare"
30000,32010,"32010B","Bovekerke"
30000,32010,"32010C","Zande"
30000,32011,"32011A","Kortemark"
30000,32011,"32011B","Handzame"
30000,32011,"32011C","Werken"
30000,32011,"32011D","Zarren"
30000,32030,"32030A","Lo"
30000,32030,"32030B","Pollinkhove"
30000,32030,"32030C","Reninge"
30000,32030,"32030D","Noordschote"
30000,33011,"33011A","Ieper"
30000,33011,"33011B","Brielen"
30000,33011,"33011C","Sint-Jan"
30000,33011,"33011D","Boezinge"
30000,33011,"33011E","Zuidschote"
30000,33011,"33011F","Elverdinge"
30000,33011,"33011G","Vlamertinge"
30000,33011,"33011H","Dikkebus"
30000,33011,"33011J","Voormezele"
30000,33011,"33011K","Hollebeke"
30000,33011,"33011L","Zillebeke"
30000,33016,"33016A","Mesen"
30000,33021,"33021A","Poperinge"
30000,33021,"33021B","Reningelst"
30000,33021,"33021C","Krombeke"
30000,33021,"33021D","Proven"
30000,33021,"33021E","Roesbrugge-Haringe"
30000,33021,"33021F","Watou"
30000,33029,"33029A","Wervik"
30000,33029,"33029B","Geluwe"
30000,33037,"33037A","Zonnebeke"
30000,33037,"33037B","Passendale"
30000,33037,"33037C","Beselare"
30000,33037,"33037D","Geluveld"
30000,33037,"33037E","Zandvoorde"
30000,33039,"33039A","Kemmel"
30000,33039,"33039B","Wijtschate"
30000,33039,"33039C","Wulvergem"
30000,33039,"33039D","Nieuwkerke"
30000,33039,"33039E","Dranouter"
30000,33039,"33039F","Loker"
30000,33039,"33039G","Westouter"
30000,33040,"33040A","Langemark"
30000,33040,"33040B","Bikschote"
30000,33040,"33040C","Poelkapelle"
30000,33041,"33041A","Oostvleteren"
30000,33041,"33041B","Westvleteren"
30000,33041,"33041C","Woesten"
30000,34002,"34002A","Anzegem"
30000,34002,"34002B","Gijzelbrechtegem"
30000,34002,"34002C","Kaster"
30000,34002,"34002D","Tiegem"
30000,34002,"34002E","Ingooigem"
30000,34002,"34002F","Vichte"
30000,34003,"34003A","Avelgem"
30000,34003,"34003B","Waarmaarde"
30000,34003,"34003C","Kerkhove"
30000,34003,"34003D","Outrijve"
30000,34003,"34003E","Bossuit"
30000,34009,"34009A","Deerlijk"
30000,34013,"34013A","Harelbeke"
30000,34013,"34013B","Bavikhove"
30000,34013,"34013C","Hulste"
30000,34022,"34022A","Kortrijk"
30000,34022,"34022B","Heule"
30000,34022,"34022C","Bissegem"
30000,34022,"34022D","Marke"
30000,34022,"34022E","Aalbeke"
30000,34022,"34022F","Rollegem"
30000,34022,"34022G","Bellegem"
30000,34022,"34022H","Kooigem"
30000,34023,"34023A","Kuurne"
30000,34025,"34025A","Lendelede"
30000,34027,"34027A","Menen"
30000,34027,"34027B","Lauwe"
30000,34027,"34027C","Rekkem"
30000,34040,"34040A","Waregem"
30000,34040,"34040B","Beveren"
30000,34040,"34040C","Desselgem"
30000,34040,"34040D","Sint-Eloois-Vijve"
30000,34041,"34041A","Wevelgem"
30000,34041,"34041B","Gullegem"
30000,34041,"34041C","Moorsele"
30000,34042,"34042A","Zwevegem"
30000,34042,"34042B","Otegem"
30000,34042,"34042C","Heestert"
30000,34042,"34042D","Moen"
30000,34042,"34042E","Sint-Denijs"
30000,34043,"34043A","Spiere"
30000,34043,"34043B","Helkijn"
30000,35002,"35002A","Bredene"
30000,35005,"35005A","Gistel"
30000,35005,"35005B","Moere"
30000,35005,"35005C","Zevekote"
30000,35005,"35005D","Snaaskerke"
30000,35006,"35006A","Ichtegem"
30000,35006,"35006B","Eernegem"
30000,35006,"35006C","Bekegem"
30000,35011,"35011A","Middelkerke"
30000,35011,"35011B","Wilskerke"
30000,35011,"35011C","Leffinge"
30000,35011,"35011D","Sint-Pieters-Kapelle"
30000,35011,"35011E","Schore"
30000,35011,"35011F","Mannekensvere"
30000,35011,"35011G","Slijpe"
30000,35011,"35011H","Westende"
30000,35011,"35011J","Lombardsijde"
30000,35013,"35013A","Oostende"
30000,35013,"35013C","Zandvoorde"
30000,35013,"35013D","Stene"
30000,35014,"35014A","Oudenburg"
30000,35014,"35014B","Ettelgem"
30000,35014,"35014C","Roksem"
30000,35014,"35014D","Westkerke"
30000,35029,"35029A","Klemskerke"
30000,35029,"35029B","Vlissegem"
30000,35029,"35029C","Wenduine"
30000,36006,"36006A","Hooglede"
30000,36006,"36006B","Gits"
30000,36007,"36007A","Ingelmunster"
30000,36008,"36008A","Izegem"
30000,36008,"36008B","Kachtem"
30000,36008,"36008C","Emelgem"
30000,36010,"36010A","Ledegem"
30000,36010,"36010B","Rollegem-Kapelle"
30000,36010,"36010C","Sint-Eloois-Winkel"
30000,36011,"36011A","Lichtervelde"
30000,36012,"36012A","Moorslede"
30000,36012,"36012B","Dadizele"
30000,36015,"36015A","Roeselare"
30000,36015,"36015B","Oekene"
30000,36015,"36015C","Rumbeke"
30000,36015,"36015D","Beveren"
30000,36019,"36019A","Staden"
30000,36019,"36019B","Oostnieuwkerke"
30000,36019,"36019C","Westrozebeke"
30000,37002,"37002A","Dentergem"
30000,37002,"37002B","Markegem"
30000,37002,"37002C","Oeselgem"
30000,37002,"37002D","Wakken"
30000,37007,"37007A","Meulebeke"
30000,37010,"37010A","Oostrozebeke"
30000,37011,"37011A","Pittem"
30000,37011,"37011B","Egem"
30000,37012,"37012A","Ruiselede"
30000,37015,"37015A","Tielt"
30000,37015,"37015B","Schuiferskapelle"
30000,37015,"37015C","Kanegem"
30000,37015,"37015D","Aarsele"
30000,37017,"37017A","Wielsbeke"
30000,37017,"37017B","Ooigem"
30000,37017,"37017C","Sint-Baafs-Vijve"
30000,37018,"37018A","Wingene"
30000,37018,"37018B","Zwevezele"
30000,37020,"37020A","Ardooie"
30000,37020,"37020B","Koolskamp"
30000,38002,"38002A","Alveringem"
30000,38002,"38002B","Hoogstade"
30000,38002,"38002C","Leisele"
30000,38002,"38002D","Izenberge"
30000,38002,"38002E","Gijverinkhove"
30000,38002,"38002F","Stavele"
30000,38002,"38002G","Beveren"
30000,38002,"38002H","Oeren"
30000,38002,"38002J","Sint-Rijkers"
30000,38008,"38008A","De Panne"
30000,38008,"38008B","Adinkerke"
30000,38014,"38014A","Koksijde"
30000,38014,"38014B","Oostduinkerke"
30000,38014,"38014C","Wulpen"
30000,38016,"38016A","Nieuwpoort"
30000,38016,"38016B","Sint-Joris"
30000,38016,"38016C","Ramskapelle"
30000,38025,"38025A","Veurne"
30000,38025,"38025B","Booitshoeke"
30000,38025,"38025C","Avekapelle"
30000,38025,"38025D","Eggewaartskapelle"
30000,38025,"38025E","Zoutenaaie"
30000,38025,"38025F","Steenkerke"
30000,38025,"38025G","Bulskamp"
30000,38025,"38025J","Houtem"
30000,38025,"38025K","De Moeren"
30000,38025,"38025L","Vinkem"
30000,38025,"38025M","Wulveringem"
40000,41002,"41002A","Aalst"
40000,41002,"41002B","Hofstade"
40000,41002,"41002C","Gijzegem"
40000,41002,"41002D","Herdersem"
40000,41002,"41002E","Moorsel"
40000,41002,"41002F","Baardegem"
40000,41002,"41002G","Meldert"
40000,41002,"41002H","Erembodegem"
40000,41002,"41002J","Nieuwerkerken"
40000,41011,"41011A","Denderleeuw"
40000,41011,"41011B","Iddergem"
40000,41011,"41011C","Welle"
40000,41018,"41018A","Geraardsbergen"
40000,41018,"41018B","Nederboelare"
40000,41018,"41018C","Onkerzele"
40000,41018,"41018D","Overboelare"
40000,41018,"41018E","Goeferdinge"
40000,41018,"41018F","Zarlardinge"
40000,41018,"41018G","Schendelbeke"
40000,41018,"41018H","Ophasselt"
40000,41018,"41018J","Smeerebbe-Vloerzegem"
40000,41018,"41018K","Idegem"
40000,41018,"41018L","Grimminge"
40000,41018,"41018M","Zandbergen"
40000,41018,"41018N","Nieuwenhove"
40000,41018,"41018P","Waarbeke"
40000,41018,"41018R","Moerbeke"
40000,41018,"41018S","Viane"
40000,41024,"41024A","Haaltert"
40000,41024,"41024B","Denderhoutem"
40000,41024,"41024C","Kerksken"
40000,41024,"41024D","Heldergem"
40000,41027,"41027A","Herzele"
40000,41027,"41027B","Hillegem"
40000,41027,"41027C","Borsbeke"
40000,41027,"41027D","Ressegem"
40000,41027,"41027E","Woubrechtegem"
40000,41027,"41027F","Sint-Antelinks"
40000,41027,"41027G","Steenhuize-Wijnhuize"
40000,41027,"41027H","Sint-Lievens-Esse"
40000,41034,"41034A","Lede"
40000,41034,"41034B","Wanzele"
40000,41034,"41034C","Impe"
40000,41034,"41034D","Smetlede"
40000,41034,"41034E","Oordegem"
40000,41048,"41048A","Ninove"
40000,41048,"41048B","Okegem"
40000,41048,"41048C","Meerbeke"
40000,41048,"41048D","Neigem"
40000,41048,"41048E","Lieferinge"
40000,41048,"41048F","Denderwindeke"
40000,41048,"41048G","Pollare"
40000,41048,"41048H","Appelterre-Eichem"
40000,41048,"41048J","Voorde"
40000,41048,"41048K","Aspelare"
40000,41048,"41048L","Nederhasselt"
40000,41048,"41048M","Outer"
40000,41063,"41063A","Sint-Lievens-Houtem"
40000,41063,"41063B","Bavegem"
40000,41063,"41063C","Letterhoutem"
40000,41063,"41063D","Vlierzele"
40000,41063,"41063E","Zonnegem"
40000,41081,"41081A","Zottegem"
40000,41081,"41081B","Elene"
40000,41081,"41081C","Leeuwergem"
40000,41081,"41081D","Grotenberge"
40000,41081,"41081E","Godveerdegem"
40000,41081,"41081F","Erwetegem"
40000,41081,"41081G","Sint-Goriks-Oudenhove"
40000,41081,"41081H","Strijpen"
40000,41081,"41081J","Velzeke-Ruddershove"
40000,41081,"41081K","Sint-Maria-Oudenhove"
40000,41081,"41081L","Oombergen"
40000,41082,"41082A","Mere"
40000,41082,"41082B","Erpe"
40000,41082,"41082C","Aaigem"
40000,41082,"41082D","Burst"
40000,41082,"41082E","Bambrugge"
40000,41082,"41082F","Ottergem"
40000,41082,"41082G","Vlekkem"
40000,41082,"41082H","Erondegem"
40000,42003,"42003A","Berlare"
40000,42003,"42003B","Uitbergen"
40000,42003,"42003C","Overmere"
40000,42004,"42004A","Buggenhout"
40000,42004,"42004B","Opdorp"
40000,42006,"42006A","Dendermonde"
40000,42006,"42006B","Appels"
40000,42006,"42006C","Sint-Gillis-bij-Dendermonde"
40000,42006,"42006D","Grembergen"
40000,42006,"42006E","Baasrode"
40000,42006,"42006F","Oudegem"
40000,42006,"42006G","Mespelare"
40000,42006,"42006H","Schoonaarde"
40000,42008,"42008A","Hamme"
40000,42008,"42008B","Moerzeke"
40000,42010,"42010A","Laarne"
40000,42010,"42010B","Kalken"
40000,42011,"42011A","Lebbeke"
40000,42011,"42011B","Wieze"
40000,42011,"42011C","Denderbelle"
40000,42023,"42023A","Waasmunster"
40000,42025,"42025A","Wetteren"
40000,42025,"42025B","Massemen"
40000,42025,"42025C","Westrem"
40000,42026,"42026A","Wichelen"
40000,42026,"42026B","Serskamp"
40000,42026,"42026C","Schellebelle"
40000,42028,"42028A","Zele"
40000,43002,"43002A","Assenede"
40000,43002,"43002B","Oosteeklo"
40000,43002,"43002C","Bassevelde"
40000,43002,"43002D","Boekhoute"
40000,43005,"43005A","Eeklo"
40000,43007,"43007A","Kaprijke"
40000,43007,"43007B","Lembeke"
40000,43010,"43010A","Maldegem"
40000,43010,"43010B","Middelburg"
40000,43010,"43010C","Adegem"
40000,43014,"43014A","Sint-Laureins"
40000,43014,"43014B","Sint-Margriete"
40000,43014,"43014C","Sint-Jan-in-Eremo"
40000,43014,"43014D","Waterland-Oudeman"
40000,43014,"43014E","Watervliet"
40000,43018,"43018A","Zelzate"
40000,44084,"44084A","Aalter"
40000,44084,"44084B","Bellem"
40000,44084,"44084C","Lotenhulle"
40000,44084,"44084D","Poeke"
40000,44084,"44084E","Knesselare"
40000,44084,"44084F","Ursel"
40000,44083,"44083A","Deinze"
40000,44083,"44083B","Astene"
40000,44083,"44083C","Petegem-aan-de-Leie"
40000,44083,"44083D","Zeveren"
40000,44083,"44083E","Grammene"
40000,44083,"44083F","Gottem"
40000,44083,"44083G","Wontergem"
40000,44083,"44083H","Vinkt"
40000,44083,"44083I","Meigem"
40000,44083,"44083J","Bachte-Maria-Leerne"
40000,44083,"44083K","Sint-Martens-Leerne"
40000,44083,"44083L","Nevele"
40000,44083,"44083M","Poesele"
40000,44083,"44083N","Hansbeke"
40000,44083,"44083O","Merendree"
40000,44083,"44083P","Landegem"
40000,44083,"44083Q","Vosselare"
40000,44012,"44012A","De Pinte"
40000,44012,"44012B","Zevergem"
40000,44013,"44013A","Destelbergen"
40000,44013,"44013B","Heusden"
40000,44019,"44019A","Evergem"
40000,44019,"44019B","Sleidinge"
40000,44019,"44019C","Ertvelde"
40000,44019,"44019D","Kluizen"
40000,44020,"44020A","Gavere"
40000,44020,"44020B","Semmerzake"
40000,44020,"44020C","Vurste"
40000,44020,"44020D","Baaigem"
40000,44020,"44020E","Dikkelvenne"
40000,44020,"44020F","Asper"
40000,44021,"44021A","Gent"
40000,44021,"44021C","Sint-Denijs-Westrem"
40000,44021,"44021D","Oostakker"
40000,44021,"44021E","Sint-Amandsberg"
40000,44021,"44021F","Gentbrugge"
40000,44021,"44021G","Ledeberg"
40000,44021,"44021H","Zwijnaarde"
40000,44021,"44021J","Afsnee"
40000,44021,"44021K","Drongen"
40000,44021,"44021L","Mariakerke"
40000,44021,"44021M","Wondelgem"
40000,44021,"44021N","Desteldonk"
40000,44021,"44021O","Mendonk"
40000,44021,"44021P","Sint-Kruis-Winkel"
40000,44034,"44034A","Lochristi"
40000,44034,"44034B","Zaffelare"
40000,44034,"44034C","Zeveneken"
40000,44034,"44034D","Beervelde"
40000,44040,"44040A","Melle"
40000,44040,"44040B","Gontrode"
40000,44043,"44043A","Merelbeke"
40000,44043,"44043B","Bottelare"
40000,44043,"44043C","Munte"
40000,44043,"44043D","Schelderode"
40000,44043,"44043E","Melsen"
40000,44043,"44043F","Lemberge"
40000,44045,"44045A","Moerbeke"
40000,44048,"44048A","Nazareth"
40000,44048,"44048B","Eke"
40000,44052,"44052A","Oosterzele"
40000,44052,"44052B","Balegem"
40000,44052,"44052C","Scheldewindeke"
40000,44052,"44052D","Moortsele"
40000,44052,"44052E","Landskouter"
40000,44052,"44052F","Gijzenzele"
40000,44064,"44064A","Sint-Martens-Latem"
40000,44064,"44064B","Deurle"
40000,44073,"44073A","Wachtebeke"
40000,44085,"44085A","Waarschoot"
40000,44085,"44085B","Lovendegem"
40000,44085,"44085C","Vinderhoute"
40000,44085,"44085D","Zomergem"
40000,44085,"44085E","Ronsele"
40000,44085,"44085F","Oostwinkel"
40000,44081,"44081A","Zulte"
40000,44081,"44081B","Olsene"
40000,44081,"44081C","Machelen"
40000,45068,"45068A","Kruishoutem"
40000,45068,"45068B","Wannegem-Lede"
40000,45068,"45068C","Nokere"
40000,45068,"45068D","Zingem"
40000,45068,"45068E","Ouwegem"
40000,45068,"45068F","Huise"
40000,45035,"45035A","Oudenaarde"
40000,45035,"45035B","Heurne"
40000,45035,"45035C","Welden"
40000,45035,"45035D","Mater"
40000,45035,"45035E","Melden"
40000,45035,"45035F","Mullem"
40000,45035,"45035G","Bevere"
40000,45035,"45035H","Edelare"
40000,45035,"45035I","Eine"
40000,45035,"45035J","Ename"
40000,45035,"45035K","Leupegem"
40000,45035,"45035L","Nederename"
40000,45035,"45035M","Volkegem"
40000,45041,"45041A","Ronse"
40000,45059,"45059A","Nederbrakel"
40000,45059,"45059B","Opbrakel"
40000,45059,"45059C","Zegelsem"
40000,45059,"45059D","Elst"
40000,45059,"45059E","Michelbeke"
40000,45059,"45059F","Parike"
40000,45059,"45059G","Everbeek"
40000,45059,"45059H","Sint-Maria-Oudenhove"
40000,45060,"45060A","Ruien"
40000,45060,"45060B","Berchem"
40000,45060,"45060C","Kwaremont"
40000,45060,"45060D","Zulzeke"
40000,45061,"45061A","Petegem-aan-de-Schelde"
40000,45061,"45061B","Wortegem"
40000,45061,"45061C","Moregem"
40000,45061,"45061D","Elsegem"
40000,45061,"45061E","Ooike"
40000,45062,"45062A","Sint-Maria-Horebeke"
40000,45062,"45062B","Sint-Kornelis-Horebeke"
40000,45063,"45063A","Sint-Maria-Lierde"
40000,45063,"45063B","Hemelveerdegem"
40000,45063,"45063C","Deftinge"
40000,45063,"45063D","Sint-Martens-Lierde"
40000,45064,"45064A","Etikhove"
40000,45064,"45064B","Nukerke"
40000,45064,"45064C","Maarke-Kerkem"
40000,45064,"45064D","Schorisse"
40000,45065,"45065A","Munkzwalm"
40000,45065,"45065B","Paulatem"
40000,45065,"45065C","Sint-Maria-Latem"
40000,45065,"45065D","Meilegem"
40000,45065,"45065E","Beerlegem"
40000,45065,"45065F","Dikkele"
40000,45065,"45065G","Hundelgem"
40000,45065,"45065H","Roborst"
40000,45065,"45065J","Rozebeke"
40000,45065,"45065K","Sint-Blasius-Boekel"
40000,45065,"45065L","Sint-Denijs-Boekel"
40000,45065,"45065M","Nederzwalm-Hermelgem"
40000,46003,"46003A","Beveren"
40000,46003,"46003B","Vrasene"
40000,46003,"46003C","Verrebroek"
40000,46003,"46003D","Kieldrecht"
40000,46003,"46003E","Doel"
40000,46003,"46003F","Kallo"
40000,46003,"46003G","Melsele"
40000,46003,"46003H","Haasdonk"
40000,46013,"46013A","Kruibeke"
40000,46013,"46013B","Bazel"
40000,46013,"46013C","Rupelmonde"
40000,46014,"46014A","Lokeren"
40000,46014,"46014B","Eksaarde"
40000,46014,"46014C","Daknam"
40000,46020,"46020A","Sint-Gillis-Waas"
40000,46020,"46020B","De Klinge"
40000,46020,"46020C","Meerdonk"
40000,46020,"46020D","Sint-Pauwels"
40000,46021,"46021A","Sint-Niklaas"
40000,46021,"46021B","Nieuwkerken-Waas"
40000,46021,"46021C","Belsele"
40000,46021,"46021D","Sinaai"
40000,46024,"46024A","Stekene"
40000,46024,"46024B","Kemzeke"
40000,46025,"46025A","Temse"
40000,46025,"46025B","Steendorp"
40000,46025,"46025C","Tielrode"
40000,46025,"46025D","Elversele"
70000,71002,"71002A","As"
70000,71002,"71002B","Niel-bij-As"
70000,71004,"71004A","Beringen"
70000,71004,"71004B","Paal"
70000,71004,"71004C","Koersel"
70000,71004,"71004D","Beverlo"
70000,71011,"71011A","Diepenbeek"
70000,71016,"71016A","Genk"
70000,71017,"71017A","Gingelom"
70000,71017,"71017B","Niel-bij-Sint-Truiden"
70000,71017,"71017C","Muizen"
70000,71017,"71017D","Buvingen"
70000,71017,"71017E","Borlo"
70000,71017,"71017F","Mielen-boven-Aalst"
70000,71017,"71017G","Boekhout"
70000,71017,"71017H","Jeuk"
70000,71017,"71017J","Montenaken"
70000,71017,"71017K","Kortijs"
70000,71017,"71017L","Vorsen"
70000,71020,"71020A","Halen"
70000,71020,"71020B","Zelem"
70000,71020,"71020C","Loksbergen"
70000,71022,"71022A","Hasselt"
70000,71022,"71022B","Wimmertingen"
70000,71022,"71022C","Sint-Lambrechts-Herk"
70000,71022,"71022D","Kuringen"
70000,71022,"71022E","Stokrooie"
70000,71022,"71022F","Kermt"
70000,71022,"71022G","Spalbeek"
70000,71022,"71022H","Stevoort"
70000,71024,"71024A","Herk-de-Stad"
70000,71024,"71024B","Donk"
70000,71024,"71024C","Schulen"
70000,71024,"71024D","Berbroek"
70000,71034,"71034A","Leopoldsburg"
70000,71034,"71034B","Heppen"
70000,71037,"71037A","Lummen"
70000,71037,"71037B","Linkhout"
70000,71037,"71037C","Meldert"
70000,71045,"71045A","Nieuwerkerken"
70000,71045,"71045B","Binderveld"
70000,71045,"71045C","Wijer"
70000,71045,"71045D","Kozen"
70000,71053,"71053A","Sint-Truiden"
70000,71053,"71053B","Halmaal"
70000,71053,"71053C","Wilderen"
70000,71053,"71053D","Duras"
70000,71053,"71053E","Gorsem"
70000,71053,"71053F","Runkelen"
70000,71053,"71053G","Zepperen"
70000,71053,"71053H","Ordingen"
70000,71053,"71053J","Brustem"
70000,71053,"71053K","Groot-Gelmen"
70000,71053,"71053L","Engelmanshoven"
70000,71053,"71053M","Gelinden"
70000,71053,"71053N","Aalst"
70000,71053,"71053P","Kerkom-bij-Sint-Truiden"
70000,71053,"71053R","Velm"
70000,71053,"71053S","Gelmen"
70000,71057,"71057A","Tessenderlo"
70000,71066,"71066A","Zonhoven"
70000,71067,"71067A","Zutendaal"
70000,71069,"71069A","Oostham"
70000,71069,"71069B","Kwaadmechelen"
70000,71070,"71070A","Heusden"
70000,71070,"71070B","Zolder"
70000,72003,"72003A","Bocholt"
70000,72003,"72003B","Reppel"
70000,72003,"72003C","Kaulille"
70000,72004,"72004A","Bree"
70000,72004,"72004B","Tongerlo"
70000,72004,"72004C","Opitter"
70000,72004,"72004D","Beek"
70000,72004,"72004E","Gerdingen"
70000,72018,"72018A","Kinrooi"
70000,72018,"72018B","Molenbeersel"
70000,72018,"72018C","Kessenich"
70000,72018,"72018D","Ophoven"
70000,72020,"72020A","Lommel"
70000,72021,"72021A","Maaseik"
70000,72021,"72021B","Neeroeteren"
70000,72021,"72021C","Opoeteren"
70000,72030,"72030A","Peer"
70000,72030,"72030B","Kleine Brogel"
70000,72030,"72030C","Grote Brogel"
70000,72030,"72030D","Wijchmaal"
70000,72037,"72037A","Hamont"
70000,72037,"72037B","Achel"
70000,72038,"72038A","Hechtel"
70000,72038,"72038B","Eksel"
70000,72039,"72039A","Houthalen"
70000,72039,"72039B","Helchteren"
70000,72042,"72042A","Meeuwen"
70000,72042,"72042B","Wijshagen"
70000,72042,"72042C","Ellikom"
70000,72042,"72042D","Gruitrode"
70000,72042,"72042E","Neerglabbeek"
70000,72042,"72042F","Opglabbeek"
70000,72041,"72041A","Dilsen"
70000,72041,"72041B","Rotem"
70000,72041,"72041C","Elen"
70000,72041,"72041D","Stokkem"
70000,72041,"72041E","Lanklaar"
70000,72043,"72043A","Neerpelt"
70000,72043,"72043B","Overpelt"
70000,72043,"72043C","Sint-Huibrechts-Lille"
70000,73001,"73001A","Alken"
70000,73006,"73006A","Bilzen"
70000,73006,"73006B","Beverst"
70000,73006,"73006C","Munsterbilzen"
70000,73006,"73006D","Waltwilder"
70000,73006,"73006E","Hoelbeek"
70000,73006,"73006F","Eigenbilzen"
70000,73006,"73006G","Mopertingen"
70000,73006,"73006H","Hees"
70000,73006,"73006J","Rosmeer"
70000,73006,"73006K","Kleine-spouwen"
70000,73006,"73006L","Grote-Spouwen"
70000,73006,"73006M","Rijkhoven"
70000,73006,"73006N","Martenslinde"
70000,73009,"73009A","Borgloon"
70000,73009,"73009B","Kuttekoven"
70000,73009,"73009C","Kerniel"
70000,73009,"73009D","Gors-Opleeuw"
70000,73009,"73009E","Jesseren"
70000,73009,"73009F","Bommershoven"
70000,73009,"73009G","Groot-Loon"
70000,73009,"73009H","Broekom"
70000,73009,"73009J","Hendrieken"
70000,73009,"73009K","Voort"
70000,73009,"73009L","Gotem"
70000,73009,"73009M","Hoepertingen"
70000,73009,"73009N","Rijkel"
70000,73022,"73022A","Heers"
70000,73022,"73022B","Batsheers"
70000,73022,"73022C","Opheers"
70000,73022,"73022D","Veulen"
70000,73022,"73022E","Gutschoven"
70000,73022,"73022F","Mettekoven"
70000,73022,"73022G","Klein-Gelmen"
70000,73022,"73022H","Heks"
70000,73022,"73022J","Horpmaal"
70000,73022,"73022K","Vechmaal"
70000,73022,"73022L","Mechelen-Bovelingen"
70000,73022,"73022M","Rukkelingen-Loon"
70000,73022,"73022N","Bovelingen"
70000,73028,"73028A","Herstappe"
70000,73032,"73032A","Hoeselt"
70000,73032,"73032B","Werm"
70000,73032,"73032C","Romershoven"
70000,73032,"73032D","Sint-Huibrechts-Hern"
70000,73032,"73032E","Schalkhoven"
70000,73040,"73040A","Kortessem"
70000,73040,"73040B","Wintershoven"
70000,73040,"73040C","Vliermaalroot"
70000,73040,"73040D","Vliermaal"
70000,73040,"73040E","Guigoven"
70000,73042,"73042A","Lanaken"
70000,73042,"73042B","Rekem"
70000,73042,"73042C","Neerharen"
70000,73042,"73042D","Veldwezelt"
70000,73042,"73042E","Gellik"
70000,73066,"73066A","Riemst"
70000,73066,"73066B","Herderen"
70000,73066,"73066C","Vlijtingen"
70000,73066,"73066D","Vroenhoven"
70000,73066,"73066E","Kanne"
70000,73066,"73066F","Zichen-Zussen-Bolder"
70000,73066,"73066G","Valmeer"
70000,73066,"73066H","Millen"
70000,73066,"73066J","Genoelselderen"
70000,73066,"73066K","Membruggen"
70000,73083,"73083A","Tongeren"
70000,73083,"73083B","Koninksem"
70000,73083,"73083C","Neerrepen"
70000,73083,"73083D","Riksingen"
70000,73083,"73083E","Henis"
70000,73083,"73083F","Berg"
70000,73083,"73083G","Mal"
70000,73083,"73083H","Sluizen"
70000,73083,"73083J","Nerem"
70000,73083,"73083K","Vreren"
70000,73083,"73083L","Rutten"
70000,73083,"73083M","Lauw"
70000,73083,"73083N","Widooie"
70000,73083,"73083P","Piringen"
70000,73083,"73083R","Overrepen"
70000,73083,"73083S","'s Herenelderen"
70000,73083,"73083T","Haren"
70000,73083,"73083U","Kolmont"
70000,73083,"73083V","Diets-Heur"
70000,73098,"73098A","Wellen"
70000,73098,"73098B","Herten"
70000,73098,"73098C","Berlingen"
70000,73098,"73098D","Ulbeek"
70000,73107,"73107A","Mechelen-aan-de-Maas"
70000,73107,"73107B","Opgrimbie"
70000,73107,"73107C","Vucht"
70000,73107,"73107D","Eisden"
70000,73107,"73107E","Leut"
70000,73107,"73107F","Meeswijk"
70000,73107,"73107G","Boorsem"
70000,73107,"73107H","Uikhoven"
70000,73109,"73109A","'s Gravenvoeren"
70000,73109,"73109B","Sint-Martens-Voeren"
70000,73109,"73109C","Teuven"
70000,73109,"73109D","Remersdaal"
70000,73109,"73109E","Sint-Pieters-Voeren"
70000,73109,"73109F","Moelingen"
